{"loss": [1.3309993743896484, 0.4574788212776184, 0.2700447738170624], "accuracy": [0.6059890389442444, 0.8555089235305786, 0.913976788520813], "val_loss": [0.5124702453613281, 0.2858486473560333, 0.19983389973640442], "val_accuracy": [0.8370134234428406, 0.9083200693130493, 0.9321647882461548]}