{"loss": [1.4384554624557495, 0.45479616522789, 0.2692401111125946, 0.18191801011562347, 0.13987742364406586, 0.10845988988876343, 0.08477799594402313, 0.07566957920789719, 0.06304378062486649, 0.057279594242572784, 0.05302108824253082, 0.04610783979296684, 0.04265100881457329, 0.04026833921670914, 0.03590589761734009, 0.03358950838446617, 0.0352613627910614, 0.030352072790265083, 0.029880493879318237, 0.028554080054163933, 0.026210706681013107, 0.024844808503985405, 0.02437952160835266, 0.023899519816040993, 0.021896928548812866], "accuracy": [0.5785093307495117, 0.8544906377792358, 0.9125208258628845, 0.9404048919677734, 0.9541904330253601, 0.9638787508010864, 0.972514271736145, 0.9756441116333008, 0.9793714880943298, 0.9815054535865784, 0.9831130504608154, 0.9846779704093933, 0.9860864281654358, 0.9871676564216614, 0.9886472225189209, 0.9890739917755127, 0.9890028834342957, 0.9904966354370117, 0.9911510944366455, 0.9915494322776794, 0.9916062951087952, 0.9923461079597473, 0.992260754108429, 0.9924741387367249, 0.9931997060775757], "val_loss": [0.46213579177856445, 0.28047168254852295, 0.21748757362365723, 0.17430514097213745, 0.13319768011569977, 0.14563146233558655, 0.14599895477294922, 0.10939463973045349, 0.14240168035030365, 0.16186101734638214, 0.15233919024467468, 0.14541560411453247, 0.11150491237640381, 0.13945287466049194, 0.110467828810215, 0.13183946907520294, 0.08326318114995956, 0.19383712112903595, 0.11799734085798264, 0.09723091870546341, 0.10632046312093735, 0.11170236021280289, 0.15038099884986877, 0.09707225114107132, 0.11373422294855118], "val_accuracy": [0.8560778498649597, 0.908604621887207, 0.9328477382659912, 0.9438310861587524, 0.9566355347633362, 0.9533917307853699, 0.9537901282310486, 0.9653995037078857, 0.9567493796348572, 0.9515137672424316, 0.9572046399116516, 0.9570908546447754, 0.9690985679626465, 0.9615297317504883, 0.9692692756652832, 0.9665945768356323, 0.9765536189079285, 0.9483268857002258, 0.9694969058036804, 0.9741065502166748, 0.9758138060569763, 0.9714887142181396, 0.9623833298683167, 0.9736512899398804, 0.9718301892280579]}